total,lost_coverage_lines,improve_coverage_lines
921.3333333333334,-5.333333333333333,926.6666666666666
