total,lost_coverage_lines,improve_coverage_lines
-2927.1666666666665,2.25,-2929.4166666666665
