total,lost_coverage_lines,improve_coverage_lines
875.1333333333333,899.4,-24.266666666666666
