total,lost_coverage_lines,improve_coverage_lines
-422.1333333333333,1.8666666666666667,-424.0
