total,lost_coverage_lines,improve_coverage_lines
143.92307692307693,-0.38461538461538464,144.30769230769232
