total,lost_coverage_lines,improve_coverage_lines
34.285714285714285,0.0,34.285714285714285
