total,lost_coverage_lines,improve_coverage_lines
20.142857142857142,20.142857142857142,0.0
