total,lost_coverage_lines,improve_coverage_lines
-1456.5833333333333,2.25,-1458.8333333333333
