total,lost_coverage_lines,improve_coverage_lines
22.666666666666668,22.666666666666668,0.0
