total,lost_coverage_lines,improve_coverage_lines
392.0,428.3333333333333,-36.333333333333336
