total,lost_coverage_lines,improve_coverage_lines
555.6666666666666,556.3333333333334,-0.6666666666666666
