total,lost_coverage_lines,improve_coverage_lines
616.3333333333334,1172.6666666666667,-556.3333333333334
