total,lost_coverage_lines,improve_coverage_lines
411.42857142857144,413.57142857142856,-2.142857142857143
