total,lost_coverage_lines,improve_coverage_lines
265.57142857142856,688.4285714285714,-422.85714285714283
