total,lost_coverage_lines,improve_coverage_lines
1014.1428571428571,1097.7142857142858,-83.57142857142857
