total,lost_coverage_lines,improve_coverage_lines
72.14285714285714,74.28571428571429,-2.142857142857143
