total,lost_coverage_lines,improve_coverage_lines
-77.14285714285714,216.0,-293.14285714285717
