total,lost_coverage_lines,improve_coverage_lines
274.0,293.42857142857144,-19.428571428571427
