total,lost_coverage_lines,improve_coverage_lines
0.3333333333333333,0.3333333333333333,0.0
