total,lost_coverage_lines,improve_coverage_lines
1508.1666666666667,1948.5,-440.3333333333333
