total,lost_coverage_lines,improve_coverage_lines
-66.42857142857143,0.2857142857142857,-66.71428571428571
