total,lost_coverage_lines,improve_coverage_lines
-2907.6666666666665,2.25,-2909.9166666666665
