total,lost_coverage_lines,improve_coverage_lines
-5694.642857142857,0.07142857142857142,-5694.714285714285
