total,lost_coverage_lines,improve_coverage_lines
-29.416666666666668,2.9166666666666665,-32.333333333333336
