total,lost_coverage_lines,improve_coverage_lines
21.333333333333332,21.333333333333332,0.0
