total,lost_coverage_lines,improve_coverage_lines
-10.428571428571429,375.85714285714283,-386.2857142857143
