total,lost_coverage_lines,improve_coverage_lines
355.14285714285717,357.42857142857144,-2.2857142857142856
