total,lost_coverage_lines,improve_coverage_lines
51.666666666666664,51.666666666666664,0.0
