total,lost_coverage_lines,improve_coverage_lines
410.3333333333333,457.6666666666667,-47.333333333333336
