total,lost_coverage_lines,improve_coverage_lines
-808.75,6.666666666666667,-815.4166666666666
