total,lost_coverage_lines,improve_coverage_lines
16.166666666666668,16.166666666666668,0.0
