total,lost_coverage_lines,improve_coverage_lines
-30.857142857142858,17.285714285714285,-48.142857142857146
