total,lost_coverage_lines,improve_coverage_lines
23.142857142857142,68.71428571428571,-45.57142857142857
