total,lost_coverage_lines,improve_coverage_lines
-130.42857142857142,0.14285714285714285,-130.57142857142858
