total,lost_coverage_lines,improve_coverage_lines
-5821.416666666667,2.4166666666666665,-5823.833333333333
