total,lost_coverage_lines,improve_coverage_lines
0.14285714285714285,376.14285714285717,-376.0
