total,lost_coverage_lines,improve_coverage_lines
344.57142857142856,347.14285714285717,-2.5714285714285716
