total,lost_coverage_lines,improve_coverage_lines
33.333333333333336,33.333333333333336,0.0
