total,lost_coverage_lines,improve_coverage_lines
-429.85714285714283,26.142857142857142,-456.0
