total,lost_coverage_lines,improve_coverage_lines
442.7142857142857,444.85714285714283,-2.142857142857143
