total,lost_coverage_lines,improve_coverage_lines
1772.2307692307693,1775.0,-2.769230769230769
