total,lost_coverage_lines,improve_coverage_lines
3.4615384615384617,3.4615384615384617,0.0
