total,lost_coverage_lines,improve_coverage_lines
1777.7692307692307,1777.7692307692307,0.0
