total,lost_coverage_lines,improve_coverage_lines
56.266666666666666,490.6666666666667,-434.4
