total,lost_coverage_lines,improve_coverage_lines
-20.333333333333332,2.25,-22.583333333333332
