total,lost_coverage_lines,improve_coverage_lines
2.5714285714285716,2.5714285714285716,0.0
