total,lost_coverage_lines,improve_coverage_lines
59.666666666666664,59.666666666666664,0.0
