total,lost_coverage_lines,improve_coverage_lines
10.777777777777779,11.11111111111111,-0.3333333333333333
