total,lost_coverage_lines,improve_coverage_lines
3676.0,3687.1111111111113,-11.11111111111111
