total,lost_coverage_lines,improve_coverage_lines
-5.909090909090909,11.545454545454545,-17.454545454545453
