total,lost_coverage_lines,improve_coverage_lines
468.57142857142856,1016.2857142857143,-547.7142857142857
