total,lost_coverage_lines,improve_coverage_lines
539.4285714285714,540.2857142857143,-0.8571428571428571
