total,lost_coverage_lines,improve_coverage_lines
275.0,276.7142857142857,-1.7142857142857142
