total,lost_coverage_lines,improve_coverage_lines
25.181818181818183,25.181818181818183,0.0
