total,lost_coverage_lines,improve_coverage_lines
-66.57142857142857,0.14285714285714285,-66.71428571428571
