total,lost_coverage_lines,improve_coverage_lines
3176.3636363636365,0.0,3176.3636363636365
