total,lost_coverage_lines,improve_coverage_lines
2372.6666666666665,2377.8333333333335,-5.166666666666667
