total,lost_coverage_lines,improve_coverage_lines
12.428571428571429,-1.2857142857142858,13.714285714285714
