total,lost_coverage_lines,improve_coverage_lines
-1453.1666666666667,2.25,-1455.4166666666667
