total,lost_coverage_lines,improve_coverage_lines
-23.571428571428573,2.5714285714285716,-26.142857142857142
