total,lost_coverage_lines,improve_coverage_lines
10.142857142857142,30.714285714285715,-20.571428571428573
