total,lost_coverage_lines,improve_coverage_lines
3673.5555555555557,3673.8888888888887,-0.3333333333333333
