total,lost_coverage_lines,improve_coverage_lines
-10.777777777777779,0.3333333333333333,-11.11111111111111
