total,lost_coverage_lines,improve_coverage_lines
38.0,-0.8571428571428571,38.857142857142854
