total,lost_coverage_lines,improve_coverage_lines
-275.14285714285717,19.428571428571427,-294.57142857142856
