total,lost_coverage_lines,improve_coverage_lines
444.85714285714283,477.85714285714283,-33.0
