total,lost_coverage_lines,improve_coverage_lines
1018.0769230769231,1018.2307692307693,-0.15384615384615385
