total,lost_coverage_lines,improve_coverage_lines
-76.71428571428571,359.42857142857144,-436.14285714285717
