total,lost_coverage_lines,improve_coverage_lines
422.7142857142857,425.0,-2.2857142857142856
