total,lost_coverage_lines,improve_coverage_lines
1011.6153846153846,1015.0,-3.3846153846153846
