total,lost_coverage_lines,improve_coverage_lines
489.6666666666667,533.3333333333334,-43.666666666666664
