total,lost_coverage_lines,improve_coverage_lines
440.14285714285717,441.0,-0.8571428571428571
