total,lost_coverage_lines,improve_coverage_lines
898.8571428571429,1345.4285714285713,-446.57142857142856
